Updated on Sat Jul 26 11:30:38 UTC 2025
Updated on Sun Jul 27 02:12:08 UTC 2025
Updated on Mon Jul 28 02:09:35 UTC 2025
Updated on Tue Jul 29 02:20:50 UTC 2025
Updated on Wed Jul 30 02:05:38 UTC 2025
Updated on Thu Jul 31 02:05:03 UTC 2025
Updated on Fri Aug  1 02:21:57 UTC 2025
Updated on Sat Aug  2 01:59:36 UTC 2025
Updated on Sun Aug  3 02:20:18 UTC 2025
Updated on Mon Aug  4 02:20:20 UTC 2025
Updated on Tue Aug  5 02:08:11 UTC 2025
Updated on Wed Aug  6 02:06:25 UTC 2025
Updated on Thu Aug  7 02:06:51 UTC 2025
Updated on Fri Aug  8 02:06:12 UTC 2025
Updated on Sat Aug  9 01:55:24 UTC 2025
Updated on Sun Aug 10 02:10:08 UTC 2025
Updated on Mon Aug 11 02:06:21 UTC 2025
Updated on Tue Aug 12 01:54:29 UTC 2025
Updated on Wed Aug 13 01:56:33 UTC 2025
Updated on Thu Aug 14 01:56:53 UTC 2025
Updated on Fri Aug 15 01:57:44 UTC 2025
Updated on Sat Aug 16 01:51:53 UTC 2025
Updated on Sun Aug 17 02:03:20 UTC 2025
Updated on Mon Aug 18 02:03:54 UTC 2025
Updated on Tue Aug 19 01:51:10 UTC 2025
Updated on Wed Aug 20 01:49:16 UTC 2025
Updated on Thu Aug 21 01:48:03 UTC 2025
Updated on Fri Aug 22 01:48:45 UTC 2025
Updated on Sat Aug 23 01:44:58 UTC 2025
Updated on Sun Aug 24 01:58:50 UTC 2025
Updated on Mon Aug 25 01:53:23 UTC 2025
Updated on Tue Aug 26 01:49:38 UTC 2025
Updated on Wed Aug 27 01:46:34 UTC 2025
Updated on Thu Aug 28 01:45:28 UTC 2025
Updated on Fri Aug 29 01:45:23 UTC 2025
Updated on Sat Aug 30 01:40:16 UTC 2025
Updated on Sun Aug 31 01:50:19 UTC 2025
Updated on Mon Sep  1 02:00:21 UTC 2025
Updated on Tue Sep  2 01:47:10 UTC 2025
Updated on Wed Sep  3 01:39:54 UTC 2025
Updated on Thu Sep  4 01:40:37 UTC 2025
Updated on Fri Sep  5 01:42:56 UTC 2025
Updated on Sat Sep  6 01:39:35 UTC 2025
Updated on Sun Sep  7 01:48:05 UTC 2025
Updated on Mon Sep  8 01:48:20 UTC 2025
Updated on Tue Sep  9 01:44:40 UTC 2025
Updated on Wed Sep 10 01:41:18 UTC 2025
Updated on Thu Sep 11 01:43:57 UTC 2025
Updated on Fri Sep 12 01:39:39 UTC 2025
Updated on Sat Sep 13 01:35:28 UTC 2025
Updated on Sun Sep 14 01:47:42 UTC 2025
Updated on Mon Sep 15 01:49:26 UTC 2025
Updated on Tue Sep 16 01:40:56 UTC 2025
Updated on Wed Sep 17 01:40:41 UTC 2025
Updated on Thu Sep 18 01:41:00 UTC 2025
Updated on Fri Sep 19 01:43:51 UTC 2025
Updated on Sat Sep 20 01:38:55 UTC 2025
Updated on Sun Sep 21 01:50:40 UTC 2025
Updated on Mon Sep 22 01:50:41 UTC 2025
Updated on Tue Sep 23 01:41:36 UTC 2025
Updated on Wed Sep 24 01:42:53 UTC 2025
Updated on Thu Sep 25 01:43:40 UTC 2025
Updated on Fri Sep 26 01:42:59 UTC 2025
Updated on Sat Sep 27 01:38:47 UTC 2025
Updated on Sun Sep 28 01:51:36 UTC 2025
Updated on Mon Sep 29 01:45:55 UTC 2025
Updated on Tue Sep 30 01:41:49 UTC 2025
Updated on Wed Oct  1 01:53:10 UTC 2025
Updated on Thu Oct  2 01:41:07 UTC 2025
Updated on Fri Oct  3 01:40:47 UTC 2025
Updated on Sat Oct  4 01:37:37 UTC 2025
Updated on Sun Oct  5 01:50:56 UTC 2025
Updated on Mon Oct  6 01:44:11 UTC 2025
Updated on Tue Oct  7 01:41:48 UTC 2025
Updated on Wed Oct  8 01:42:12 UTC 2025
Updated on Thu Oct  9 01:42:49 UTC 2025
Updated on Fri Oct 10 01:43:32 UTC 2025
Updated on Sat Oct 11 01:39:02 UTC 2025
Updated on Sun Oct 12 01:46:37 UTC 2025
Updated on Mon Oct 13 01:50:11 UTC 2025
Updated on Tue Oct 14 01:43:39 UTC 2025
Updated on Wed Oct 15 01:46:38 UTC 2025
Updated on Thu Oct 16 01:45:24 UTC 2025
Updated on Fri Oct 17 01:44:09 UTC 2025
Updated on Sat Oct 18 01:39:30 UTC 2025
Updated on Sun Oct 19 01:55:52 UTC 2025
Updated on Mon Oct 20 01:53:22 UTC 2025
Updated on Tue Oct 21 01:47:20 UTC 2025
Updated on Wed Oct 22 01:50:10 UTC 2025
Updated on Thu Oct 23 01:46:13 UTC 2025
Updated on Fri Oct 24 01:42:13 UTC 2025
Updated on Sat Oct 25 01:43:34 UTC 2025
Updated on Sun Oct 26 01:55:26 UTC 2025
Updated on Mon Oct 27 01:56:25 UTC 2025
Updated on Tue Oct 28 01:46:21 UTC 2025
Updated on Wed Oct 29 01:53:10 UTC 2025
Updated on Thu Oct 30 01:52:48 UTC 2025
Updated on Fri Oct 31 01:49:12 UTC 2025
Updated on Sat Nov  1 01:52:44 UTC 2025
Updated on Sun Nov  2 01:54:55 UTC 2025
Updated on Mon Nov  3 01:54:27 UTC 2025
Updated on Tue Nov  4 01:49:54 UTC 2025
Updated on Wed Nov  5 01:51:12 UTC 2025
Updated on Thu Nov  6 01:51:04 UTC 2025
Updated on Fri Nov  7 01:49:44 UTC 2025
Updated on Sat Nov  8 01:44:07 UTC 2025
Updated on Sun Nov  9 01:53:59 UTC 2025
Updated on Mon Nov 10 01:55:18 UTC 2025
Updated on Tue Nov 11 01:51:58 UTC 2025
Updated on Wed Nov 12 01:50:56 UTC 2025
